slide_id,label
ASL-0048_0_1,1
ASL-0048_0_10,1
ASL-0048_0_13,1
ASL-0048_0_14,1
ASL-0048_0_15,1
ASL-0048_0_16,1
ASL-0048_0_19,1
ASL-0048_0_2,1
ASL-0048_0_3,1
ASL-0048_0_4,1
ASL-0048_0_6,1
ASL-0048_0_7,1
ASL-0048_0_9,1
ASL-0048_1_0,1
ASL-0048_1_1,1
ASL-0048_1_10,1
ASL-0048_1_11,1
ASL-0048_1_12,1
ASL-0048_1_13,1
ASL-0048_1_15,1
ASL-0048_1_16,1
ASL-0048_1_17,1
ASL-0048_1_18,1
ASL-0048_1_2,1
ASL-0048_1_3,1
ASL-0048_1_5,1
ASL-0048_1_6,1
ASL-0048_1_7,1
ASL-0048_1_8,1
ASL-0048_2_1,1
ASL-0048_2_10,1
ASL-0048_2_12,1
ASL-0048_2_13,1
ASL-0048_2_14,1
ASL-0048_2_15,1
ASL-0048_2_16,1
ASL-0048_2_19,1
ASL-0048_2_2,1
ASL-0048_2_20,1
ASL-0048_2_21,1
ASL-0048_2_22,1
ASL-0048_2_23,1
ASL-0048_2_26,1
ASL-0048_2_27,1
ASL-0048_2_28,1
ASL-0048_2_29,1
ASL-0048_2_3,1
ASL-0048_2_34,1
ASL-0048_2_6,1
ASL-0048_2_8,1
ASL-0048_2_9,1
ASL-0049_0_11,1
ASL-0049_0_14,1
ASL-0049_0_18,1
ASL-0049_0_21,1
ASL-0049_0_23,1
ASL-0049_0_26,1
ASL-0049_0_3,1
ASL-0049_0_4,1
ASL-0049_0_9,1
ASL-0049_1_10,1
ASL-0049_1_11,1
ASL-0049_1_12,1
ASL-0049_1_13,1
ASL-0049_1_14,1
ASL-0049_1_15,1
ASL-0049_1_16,1
ASL-0049_1_17,1
ASL-0049_1_19,1
ASL-0049_1_20,1
ASL-0049_1_21,1
ASL-0049_1_22,1
ASL-0049_1_25,1
ASL-0049_1_26,1
ASL-0049_1_27,1
ASL-0049_1_28,1
ASL-0049_1_3,1
ASL-0049_1_6,1
ASL-0049_1_7,1
ASL-0049_1_8,1
ASL-0049_1_9,1
ASL-0049_2_1,1
ASL-0049_2_11,1
ASL-0049_2_12,1
ASL-0049_2_13,1
ASL-0049_2_14,1
ASL-0049_2_17,1
ASL-0049_2_18,1
ASL-0049_2_19,1
ASL-0049_2_20,1
ASL-0049_2_21,1
ASL-0049_2_22,1
ASL-0049_2_23,1
ASL-0049_2_25,1
ASL-0049_2_26,1
ASL-0049_2_27,1
ASL-0049_2_32,1
ASL-0049_2_6,1
ASL-0049_2_7,1
ASL-0049_3_1,1
ASL-0049_3_10,1
ASL-0049_3_12,1
ASL-0049_3_13,1
ASL-0049_3_14,1
ASL-0049_3_15,1
ASL-0049_3_16,1
ASL-0049_3_18,1
ASL-0049_3_19,1
ASL-0049_3_2,1
ASL-0049_3_20,1
ASL-0049_3_21,1
ASL-0049_3_23,1
ASL-0049_3_25,1
ASL-0049_3_26,1
ASL-0049_3_3,1
ASL-0049_3_4,1
ASL-0049_3_7,1
ASL-0049_3_8,1
ASL-0049_3_9,1
RASL-04_0_11,1
RASL-04_0_12,1
RASL-04_0_13,1
RASL-04_0_14,1
RASL-04_0_15,1
RASL-04_0_16,1
RASL-04_0_17,1
RASL-04_0_18,1
RASL-04_0_2,1
RASL-04_0_21,1
RASL-04_0_22,1
RASL-04_0_23,1
RASL-04_0_24,1
RASL-04_0_25,1
RASL-04_0_26,1
RASL-04_0_27,1
RASL-04_0_28,1
RASL-04_0_3,1
RASL-04_0_34,1
RASL-04_0_4,1
RASL-04_0_5,1
RASL-04_0_6,1
RASL-04_1_12,1
RASL-04_1_13,1
RASL-04_1_14,1
RASL-04_1_15,1
RASL-04_1_16,1
RASL-04_1_17,1
RASL-04_1_18,1
RASL-04_1_21,1
RASL-04_1_22,1
RASL-04_1_23,1
RASL-04_1_24,1
RASL-04_1_25,1
RASL-04_1_26,1
RASL-04_1_27,1
RASL-04_1_28,1
RASL-04_1_31,1
RASL-04_1_32,1
RASL-04_1_34,1
RASL-04_1_35,1
RASL-04_1_36,1
RASL-04_1_37,1
RASL-04_1_4,1
RASL-04_1_46,1
RASL-04_1_47,1
RASL-04_1_48,1
RASL-04_1_5,1
RASL-04_1_6,1
RASL-04_1_7,1
RASL-04_2_10,1
RASL-04_2_11,1
RASL-04_2_12,1
RASL-04_2_13,1
RASL-04_2_14,1
RASL-04_2_15,1
RASL-04_2_16,1
RASL-04_2_18,1
RASL-04_2_19,1
RASL-04_2_20,1
RASL-04_2_21,1
RASL-04_2_22,1
RASL-04_2_23,1
RASL-04_2_24,1
RASL-04_2_25,1
RASL-04_2_29,1
RASL-04_2_30,1
RASL-04_2_31,1
RASL-04_2_33,1
RASL-04_2_5,1
RASL-04_2_6,1
RASL-04_2_7,1
RASL-04_2_9,1
RASL-04_3_0,1
RASL-04_3_1,1
RASL-04_3_10,1
RASL-04_3_4,1
RASL-04_3_5,1
RASL-04_3_6,1
RASL-04_3_9,1
RASL-06_0_0,1
RASL-06_0_1,1
RASL-06_0_10,1
RASL-06_0_11,1
RASL-06_0_12,1
RASL-06_0_16,1
RASL-06_0_17,1
RASL-06_0_18,1
RASL-06_0_19,1
RASL-06_0_2,1
RASL-06_0_3,1
RASL-06_0_4,1
RASL-06_0_5,1
RASL-06_0_7,1
RASL-06_0_8,1
RASL-06_0_9,1
RASL-06_1_0,1
RASL-06_1_1,1
RASL-06_1_10,1
RASL-06_1_11,1
RASL-06_1_12,1
RASL-06_1_15,1
RASL-06_1_16,1
RASL-06_1_17,1
RASL-06_1_18,1
RASL-06_1_19,1
RASL-06_1_2,1
RASL-06_1_3,1
RASL-06_1_7,1
RASL-06_1_8,1
RASL-06_1_9,1
RASL-06_2_0,1
RASL-06_2_1,1
RASL-06_2_10,1
RASL-06_2_11,1
RASL-06_2_12,1
RASL-06_2_13,1
RASL-06_2_14,1
RASL-06_2_2,1
RASL-06_2_20,1
RASL-06_2_21,1
RASL-06_2_22,1
RASL-06_2_3,1
RASL-06_2_4,1
RASL-06_2_8,1
RASL-06_2_9,1
RASL-06_3_0,1
RASL-06_3_1,1
RASL-06_3_10,1
RASL-06_3_11,1
RASL-06_3_16,1
RASL-06_3_17,1
RASL-06_3_18,1
RASL-06_3_19,1
RASL-06_3_2,1
RASL-06_3_24,1
RASL-06_3_25,1
RASL-06_3_26,1
RASL-06_3_7,1
RASL-06_3_8,1
RASL-06_3_9,1
RASL-11_0_10,1
RASL-11_0_11,1
RASL-11_0_12,1
RASL-11_0_13,1
RASL-11_0_14,1
RASL-11_0_15,1
RASL-11_0_16,1
RASL-11_0_3,1
RASL-11_0_4,1
RASL-11_0_6,1
RASL-11_0_7,1
RASL-11_0_8,1
RASL-11_0_9,1
RASL-11_1_10,1
RASL-11_1_11,1
RASL-11_1_12,1
RASL-11_1_13,1
RASL-11_1_14,1
RASL-11_1_16,1
RASL-11_1_17,1
RASL-11_1_18,1
RASL-11_1_19,1
RASL-11_1_20,1
RASL-11_1_3,1
RASL-11_1_4,1
RASL-11_1_5,1
RASL-11_1_6,1
RASL-11_1_8,1
RASL-11_1_9,1
RASL-11_2_10,1
RASL-11_2_11,1
RASL-11_2_12,1
RASL-11_2_13,1
RASL-11_2_14,1
RASL-11_2_15,1
RASL-11_2_16,1
RASL-11_2_18,1
RASL-11_2_19,1
RASL-11_2_20,1
RASL-11_2_21,1
RASL-11_2_22,1
RASL-11_2_23,1
RASL-11_2_24,1
RASL-11_2_28,1
RASL-11_2_30,1
RASL-11_2_31,1
RASL-11_2_32,1
RASL-11_2_33,1
RASL-11_2_5,1
RASL-11_2_6,1
RASL-11_2_7,1
RASL-11_3_10,1
RASL-11_3_11,1
RASL-11_3_13,1
RASL-11_3_14,1
RASL-11_3_15,1
RASL-11_3_16,1
RASL-11_3_17,1
RASL-11_3_2,1
RASL-11_3_3,1
RASL-11_3_4,1
RASL-11_3_7,1
RASL-11_3_8,1
RASL-11_3_9,1
RASL-12_0_1,1
RASL-12_0_14,1
RASL-12_0_15,1
RASL-12_0_16,1
RASL-12_0_17,1
RASL-12_0_18,1
RASL-12_0_19,1
RASL-12_0_2,1
RASL-12_0_21,1
RASL-12_0_22,1
RASL-12_0_23,1
RASL-12_0_24,1
RASL-12_0_25,1
RASL-12_0_26,1
RASL-12_0_29,1
RASL-12_0_3,1
RASL-12_0_30,1
RASL-12_0_31,1
RASL-12_0_32,1
RASL-12_0_33,1
RASL-12_0_34,1
RASL-12_0_35,1
RASL-12_0_36,1
RASL-12_0_37,1
RASL-12_0_39,1
RASL-12_0_4,1
RASL-12_0_40,1
RASL-12_0_49,1
RASL-12_0_50,1
RASL-12_0_51,1
RASL-12_0_52,1
RASL-12_0_53,1
RASL-12_0_54,1
RASL-12_1_16,1
RASL-12_1_17,1
RASL-12_1_18,1
RASL-12_1_19,1
RASL-12_1_20,1
RASL-12_1_22,1
RASL-12_1_24,1
RASL-12_1_25,1
RASL-12_1_26,1
RASL-12_1_27,1
RASL-12_1_28,1
RASL-12_1_29,1
RASL-12_1_30,1
RASL-12_1_31,1
RASL-12_1_32,1
RASL-12_1_34,1
RASL-12_1_38,1
RASL-12_1_39,1
RASL-12_1_40,1
RASL-12_1_41,1
RASL-12_1_42,1
RASL-12_1_44,1
RASL-12_1_8,1
RASL-12_2_1,1
RASL-12_2_10,1
RASL-12_2_11,1
RASL-12_2_12,1
RASL-12_2_13,1
RASL-12_2_14,1
RASL-12_2_15,1
RASL-12_2_18,1
RASL-12_2_19,1
RASL-12_2_20,1
RASL-12_2_21,1
RASL-12_2_22,1
RASL-12_2_23,1
RASL-12_2_24,1
RASL-12_2_25,1
RASL-12_2_28,1
RASL-12_2_29,1
RASL-12_2_3,1
RASL-12_2_30,1
RASL-12_2_4,1
RASL-12_2_5,1
RASL-12_2_6,1
RASL-12_2_7,1
RASL-12_2_9,1
RASL-13_0_1,1
RASL-13_0_10,1
RASL-13_0_11,1
RASL-13_0_12,1
RASL-13_0_13,1
RASL-13_0_14,1
RASL-13_0_15,1
RASL-13_0_16,1
RASL-13_0_18,1
RASL-13_0_19,1
RASL-13_0_2,1
RASL-13_0_20,1
RASL-13_0_21,1
RASL-13_0_22,1
RASL-13_0_23,1
RASL-13_0_24,1
RASL-13_0_25,1
RASL-13_0_28,1
RASL-13_0_29,1
RASL-13_0_3,1
RASL-13_0_30,1
RASL-13_0_31,1
RASL-13_0_32,1
RASL-13_0_33,1
RASL-13_0_34,1
RASL-13_0_4,1
RASL-13_0_40,1
RASL-13_0_41,1
RASL-13_0_42,1
RASL-13_0_5,1
RASL-13_0_9,1
RASL-13_1_1,1
RASL-13_1_10,1
RASL-13_1_11,1
RASL-13_1_12,1
RASL-13_1_13,1
RASL-13_1_14,1
RASL-13_1_15,1
RASL-13_1_16,1
RASL-13_1_2,1
RASL-13_1_20,1
RASL-13_1_21,1
RASL-13_1_22,1
RASL-13_1_23,1
RASL-13_1_24,1
RASL-13_1_3,1
RASL-13_1_4,1
RASL-13_1_5,1
RASL-13_1_6,1
RASL-13_1_7,1
RASL-13_1_9,1
RASL-13_2_1,1
RASL-13_2_10,1
RASL-13_2_11,1
RASL-13_2_12,1
RASL-13_2_13,1
RASL-13_2_14,1
RASL-13_2_15,1
RASL-13_2_16,1
RASL-13_2_18,1
RASL-13_2_19,1
RASL-13_2_2,1
RASL-13_2_20,1
RASL-13_2_21,1
RASL-13_2_22,1
RASL-13_2_23,1
RASL-13_2_24,1
RASL-13_2_25,1
RASL-13_2_3,1
RASL-13_2_30,1
RASL-13_2_31,1
RASL-13_2_33,1
RASL-13_2_4,1
RASL-13_2_5,1
RASL-13_2_6,1
RASL-13_2_9,1
RASL-13_3_10,1
RASL-13_3_11,1
RASL-13_3_12,1
RASL-13_3_13,1
RASL-13_3_14,1
RASL-13_3_15,1
RASL-13_3_16,1
RASL-13_3_17,1
RASL-13_3_18,1
RASL-13_3_19,1
RASL-13_3_2,1
RASL-13_3_23,1
RASL-13_3_24,1
RASL-13_3_3,1
RASL-13_3_4,1
RASL-13_3_5,1
RASL-13_3_8,1
RASL-13_3_9,1
RASL-15_0_1,1
RASL-15_0_10,1
RASL-15_0_11,1
RASL-15_0_12,1
RASL-15_0_16,1
RASL-15_0_18,1
RASL-15_0_2,1
RASL-15_0_3,1
RASL-15_0_4,1
RASL-15_0_5,1
RASL-15_0_8,1
RASL-15_0_9,1
RASL-15_1_0,1
RASL-15_1_1,1
RASL-15_1_10,1
RASL-15_1_11,1
RASL-15_1_12,1
RASL-15_1_13,1
RASL-15_1_3,1
RASL-15_1_4,1
RASL-15_1_5,1
RASL-15_1_7,1
RASL-15_1_8,1
RASL-15_2_1,1
RASL-15_2_10,1
RASL-15_2_13,1
RASL-15_2_14,1
RASL-15_2_15,1
RASL-15_2_2,1
RASL-15_2_7,1
RASL-15_2_8,1
RASL-15_2_9,1
RASL-15_3_1,1
RASL-15_3_2,1
RASL-15_3_3,1
RASL-15_3_5,1
RASL-15_3_6,1
RASL-15_3_7,1
RASL-15_3_8,1
RASL-15_3_9,1
RASL-17_0_1,1
RASL-17_0_10,1
RASL-17_0_11,1
RASL-17_0_12,1
RASL-17_0_14,1
RASL-17_0_15,1
RASL-17_0_16,1
RASL-17_0_17,1
RASL-17_0_18,1
RASL-17_0_19,1
RASL-17_0_2,1
RASL-17_0_22,1
RASL-17_0_23,1
RASL-17_0_24,1
RASL-17_0_4,1
RASL-17_0_5,1
RASL-17_0_7,1
RASL-17_0_8,1
RASL-17_0_9,1
RASL-17_1_1,1
RASL-17_1_10,1
RASL-17_1_11,1
RASL-17_1_12,1
RASL-17_1_13,1
RASL-17_1_2,1
RASL-17_1_5,1
RASL-17_1_6,1
RASL-17_1_7,1
RASL-17_2_0,1
RASL-17_2_1,1
RASL-17_2_10,1
RASL-17_2_2,1
RASL-17_2_3,1
RASL-17_2_7,1
RASL-17_2_8,1
RASL-17_2_9,1
RASL-17_3_10,1
RASL-17_3_12,1
RASL-17_3_13,1
RASL-17_3_14,1
RASL-17_3_15,1
RASL-17_3_16,1
RASL-17_3_19,1
RASL-17_3_2,1
RASL-17_3_3,1
RASL-17_3_4,1
RASL-17_3_6,1
RASL-17_3_7,1
RASL-17_3_8,1
RASL-17_3_9,1
RASL-18_0_10,1
RASL-18_0_11,1
RASL-18_0_12,1
RASL-18_0_13,1
RASL-18_0_14,1
RASL-18_0_15,1
RASL-18_0_16,1
RASL-18_0_17,1
RASL-18_0_18,1
RASL-18_0_2,1
RASL-18_0_20,1
RASL-18_0_21,1
RASL-18_0_22,1
RASL-18_0_23,1
RASL-18_0_24,1
RASL-18_0_25,1
RASL-18_0_26,1
RASL-18_0_3,1
RASL-18_0_30,1
RASL-18_0_31,1
RASL-18_0_4,1
RASL-18_0_5,1
RASL-18_0_6,1
RASL-18_0_7,1
RASL-18_1_0,1
RASL-18_1_1,1
RASL-18_1_10,1
RASL-18_1_11,1
RASL-18_1_12,1
RASL-18_1_13,1
RASL-18_1_14,1
RASL-18_1_15,1
RASL-18_1_16,1
RASL-18_1_2,1
RASL-18_1_3,1
RASL-18_1_4,1
RASL-18_1_6,1
RASL-18_1_7,1
RASL-18_1_8,1
RASL-18_1_9,1
RASL-18_2_0,1
RASL-18_2_1,1
RASL-18_2_10,1
RASL-18_2_11,1
RASL-18_2_12,1
RASL-18_2_13,1
RASL-18_2_15,1
RASL-18_2_16,1
RASL-18_2_17,1
RASL-18_2_18,1
RASL-18_2_19,1
RASL-18_2_2,1
RASL-18_2_24,1
RASL-18_2_25,1
RASL-18_2_3,1
RASL-18_2_4,1
RASL-18_2_5,1
RASL-18_2_6,1
RASL-18_2_7,1
RASL-18_2_8,1
RASL-18_2_9,1
RASL-18_3_0,1
RASL-18_3_1,1
RASL-18_3_10,1
RASL-18_3_11,1
RASL-18_3_12,1
RASL-18_3_13,1
RASL-18_3_14,1
RASL-18_3_16,1
RASL-18_3_17,1
RASL-18_3_18,1
RASL-18_3_19,1
RASL-18_3_2,1
RASL-18_3_21,1
RASL-18_3_3,1
RASL-18_3_4,1
RASL-18_3_5,1
RASL-18_3_6,1
RASL-18_3_8,1
RASL-18_3_9,1
RASL-20_0_10,1
RASL-20_0_11,1
RASL-20_0_14,1
RASL-20_0_16,1
RASL-20_0_17,1
RASL-20_0_18,1
RASL-20_0_19,1
RASL-20_0_2,1
RASL-20_0_20,1
RASL-20_0_21,1
RASL-20_0_22,1
RASL-20_0_28,1
RASL-20_0_29,1
RASL-20_0_3,1
RASL-20_0_4,1
RASL-20_0_5,1
RASL-20_0_8,1
RASL-20_0_9,1
RASL-20_1_10,1
RASL-20_1_11,1
RASL-20_1_12,1
RASL-20_1_13,1
RASL-20_1_14,1
RASL-20_1_16,1
RASL-20_1_17,1
RASL-20_1_18,1
RASL-20_1_19,1
RASL-20_1_2,1
RASL-20_1_20,1
RASL-20_1_21,1
RASL-20_1_22,1
RASL-20_1_25,1
RASL-20_1_26,1
RASL-20_1_27,1
RASL-20_1_28,1
RASL-20_1_29,1
RASL-20_1_3,1
RASL-20_1_4,1
RASL-20_1_5,1
RASL-20_1_6,1
RASL-20_1_8,1
RASL-20_1_9,1
RASL-20_2_10,1
RASL-20_2_11,1
RASL-20_2_12,1
RASL-20_2_13,1
RASL-20_2_14,1
RASL-20_2_15,1
RASL-20_2_16,1
RASL-20_2_17,1
RASL-20_2_2,1
RASL-20_2_20,1
RASL-20_2_21,1
RASL-20_2_22,1
RASL-20_2_3,1
RASL-20_2_4,1
RASL-20_2_6,1
RASL-20_2_7,1
RASL-20_2_8,1
RASL-20_2_9,1
RASL-20_3_1,1
RASL-20_3_10,1
RASL-20_3_11,1
RASL-20_3_12,1
RASL-20_3_14,1
RASL-20_3_15,1
RASL-20_3_16,1
RASL-20_3_17,1
RASL-20_3_18,1
RASL-20_3_19,1
RASL-20_3_2,1
RASL-20_3_20,1
RASL-20_3_22,1
RASL-20_3_23,1
RASL-20_3_25,1
RASL-20_3_26,1
RASL-20_3_3,1
RASL-20_3_4,1
RASL-20_3_5,1
RASL-20_3_7,1
RASL-20_3_8,1
RASL-20_3_9,1
RASL-21_0_0,1
RASL-21_0_1,1
RASL-21_0_10,1
RASL-21_0_11,1
RASL-21_0_12,1
RASL-21_0_13,1
RASL-21_0_14,1
RASL-21_0_17,1
RASL-21_0_18,1
RASL-21_0_19,1
RASL-21_0_2,1
RASL-21_0_20,1
RASL-21_0_3,1
RASL-21_0_5,1
RASL-21_0_6,1
RASL-21_0_8,1
RASL-21_0_9,1
RASL-21_1_0,1
RASL-21_1_1,1
RASL-21_1_2,1
RASL-21_1_3,1
RASL-21_1_5,1
RASL-21_1_6,1
RASL-21_1_7,1
RASL-21_1_8,1
RASL-21_1_9,1
RASL-21_2_0,1
RASL-21_2_1,1
RASL-21_2_2,1
RASL-21_2_3,1
RASL-21_2_4,1
RASL-21_2_5,1
RASL-21_2_6,1
RASL-21_2_7,1
RASL-21_2_8,1
RASL-21_2_9,1
RASL-23_0_0,1
RASL-23_0_1,1
RASL-23_0_10,1
RASL-23_0_11,1
RASL-23_0_12,1
RASL-23_0_13,1
RASL-23_0_15,1
RASL-23_0_16,1
RASL-23_0_17,1
RASL-23_0_18,1
RASL-23_0_19,1
RASL-23_0_2,1
RASL-23_0_22,1
RASL-23_0_23,1
RASL-23_0_24,1
RASL-23_0_3,1
RASL-23_0_4,1
RASL-23_0_5,1
RASL-23_0_8,1
RASL-23_0_9,1
RASL-23_1_1,1
RASL-23_1_10,1
RASL-23_1_11,1
RASL-23_1_13,1
RASL-23_1_14,1
RASL-23_1_15,1
RASL-23_1_16,1
RASL-23_1_17,1
RASL-23_1_2,1
RASL-23_1_3,1
RASL-23_1_4,1
RASL-23_1_6,1
RASL-23_1_7,1
RASL-23_1_9,1
RASL-23_2_10,1
RASL-23_2_11,1
RASL-23_2_12,1
RASL-23_2_13,1
RASL-23_2_14,1
RASL-23_2_15,1
RASL-23_2_16,1
RASL-23_2_17,1
RASL-23_2_18,1
RASL-23_2_19,1
RASL-23_2_20,1
RASL-23_2_21,1
RASL-23_2_22,1
RASL-23_2_23,1
RASL-23_2_24,1
RASL-23_2_25,1
RASL-23_2_26,1
RASL-23_2_27,1
RASL-23_2_28,1
RASL-23_2_29,1
RASL-23_2_3,1
RASL-23_2_30,1
RASL-23_2_32,1
RASL-23_2_33,1
RASL-23_2_34,1
RASL-23_2_35,1
RASL-23_2_4,1
RASL-23_2_5,1
RASL-23_2_6,1
RASL-23_2_8,1
RASL-23_2_9,1
RASL-23_3_0,1
RASL-23_3_1,1
RASL-23_3_10,1
RASL-23_3_11,1
RASL-23_3_12,1
RASL-23_3_15,1
RASL-23_3_16,1
RASL-23_3_17,1
RASL-23_3_18,1
RASL-23_3_19,1
RASL-23_3_2,1
RASL-23_3_20,1
RASL-23_3_25,1
RASL-23_3_26,1
RASL-23_3_3,1
RASL-23_3_4,1
RASL-23_3_7,1
RASL-23_3_8,1
RASL-23_3_9,1
RASL-27_0_10,1
RASL-27_0_11,1
RASL-27_0_12,1
RASL-27_0_14,1
RASL-27_0_15,1
RASL-27_0_16,1
RASL-27_0_17,1
RASL-27_0_18,1
RASL-27_0_19,1
RASL-27_0_2,1
RASL-27_0_3,1
RASL-27_0_4,1
RASL-27_0_5,1
RASL-27_0_7,1
RASL-27_0_8,1
RASL-27_0_9,1
RASL-27_1_10,1
RASL-27_1_12,1
RASL-27_1_13,1
RASL-27_1_14,1
RASL-27_1_16,1
RASL-27_1_17,1
RASL-27_1_18,1
RASL-27_1_19,1
RASL-27_1_20,1
RASL-27_1_21,1
RASL-27_1_24,1
RASL-27_1_25,1
RASL-27_1_26,1
RASL-27_1_27,1
RASL-27_1_5,1
RASL-27_1_6,1
RASL-27_1_9,1
RASL-27_2_10,1
RASL-27_2_11,1
RASL-27_2_12,1
RASL-27_2_14,1
RASL-27_2_15,1
RASL-27_2_16,1
RASL-27_2_21,1
RASL-27_2_22,1
RASL-27_2_4,1
RASL-27_2_5,1
RASL-27_2_8,1
RASL-27_2_9,1
RASL-27_3_12,1
RASL-27_3_13,1
RASL-27_3_14,1
RASL-27_3_15,1
RASL-27_3_16,1
RASL-27_3_19,1
RASL-27_3_20,1
RASL-27_3_21,1
RASL-27_3_22,1
RASL-27_3_23,1
RASL-27_3_24,1
RASL-27_3_27,1
RASL-27_3_28,1
RASL-27_3_29,1
RASL-27_3_30,1
RASL-27_3_31,1
RASL-27_3_32,1
RASL-27_3_36,1
RASL-27_3_37,1
RASL-27_3_6,1
RASL-27_3_7,1
RASL-29_0_1,1
RASL-29_0_10,1
RASL-29_0_11,1
RASL-29_0_12,1
RASL-29_0_13,1
RASL-29_0_17,1
RASL-29_0_2,1
RASL-29_0_5,1
RASL-29_0_6,1
RASL-29_0_7,1
RASL-29_0_8,1
RASL-29_1_1,1
RASL-29_1_10,1
RASL-29_1_11,1
RASL-29_1_13,1
RASL-29_1_14,1
RASL-29_1_15,1
RASL-29_1_16,1
RASL-29_1_17,1
RASL-29_1_2,1
RASL-29_1_3,1
RASL-29_1_4,1
RASL-29_1_6,1
RASL-29_1_7,1
RASL-29_1_8,1
RASL-29_1_9,1
RASL-29_2_0,1
RASL-29_2_1,1
RASL-29_2_10,1
RASL-29_2_11,1
RASL-29_2_13,1
RASL-29_2_15,1
RASL-29_2_16,1
RASL-29_2_2,1
RASL-29_2_3,1
RASL-29_2_4,1
RASL-29_2_6,1
RASL-29_2_7,1
RASL-29_2_8,1
RASL-29_2_9,1
RASL-51_0_10,1
RASL-51_0_11,1
RASL-51_0_13,1
RASL-51_0_14,1
RASL-51_0_15,1
RASL-51_0_16,1
RASL-51_0_17,1
RASL-51_0_18,1
RASL-51_0_19,1
RASL-51_0_2,1
RASL-51_0_20,1
RASL-51_0_21,1
RASL-51_0_22,1
RASL-51_0_23,1
RASL-51_0_24,1
RASL-51_0_26,1
RASL-51_0_27,1
RASL-51_0_28,1
RASL-51_0_29,1
RASL-51_0_3,1
RASL-51_0_32,1
RASL-51_0_33,1
RASL-51_0_34,1
RASL-51_0_35,1
RASL-51_0_36,1
RASL-51_0_37,1
RASL-51_0_4,1
RASL-51_0_43,1
RASL-51_0_44,1
RASL-51_0_45,1
RASL-51_0_5,1
RASL-51_0_6,1
RASL-51_0_7,1
RASL-51_0_8,1
RASL-51_0_9,1
RASL-51_1_0,1
RASL-51_1_10,1
RASL-51_1_11,1
RASL-51_1_12,1
RASL-51_1_13,1
RASL-51_1_14,1
RASL-51_1_15,1
RASL-51_1_16,1
RASL-51_1_17,1
RASL-51_1_18,1
RASL-51_1_19,1
RASL-51_1_20,1
